temperature,DO,pH,conductivity,BOD
30.6,6.7,7.5,203,NAN
29.8,5.7,7.2,189,2
29.5,6.3,6.9,179,1.7
29.7,5.8,6.9,64,3.8
29.5,5.8,7.3,83,1.9
30,5.5,7.4,81,1.5
29.2,6.1,6.7,308,1.4
29.6,6.4,6.7,414,1
30,6.4,7.6,305,2.2
30.1,6.3,7.6,77,2.3
27.8,7.1,7.1,176,1.2
27.9,6.7,6.4,93,1.4
29.3,7.4,6.8,121,1.7
29.2,6.9,7,620,1.1
30,6,7.5,72,1.6
29,7.3,7,247,1.5
29.1,7.3,7,188,1
28.7,7,6.9,224,1.2
28.7,7.3,6.7,144,1.5
29.5,5.3,6.8,319,1.8
29,6.3,6.4,79,1.6
29.4,5.4,7.6,39,1.4
28.3,2.2,6.5,322,4.7
30.1,5.2,7.1,192,2.6
30.3,5.6,7.5,282,1.8
30.5,5.5,7.4,275,1.5
29.1,7.3,6.7,55,1.4
30.1,6.5,7.5,415,2
29.2,7.2,6.3,100,1.5
25.1,6.6,7.8,95,4.9
29.6,6.9,7.9,99,5
27.4,6.8,7.7,85,5.2
27.8,6.7,7.8,80,4.9
30.6,5.1,7.3,3937,10.3
25,5.6,7.9,468,3.6
25,6.4,7.6,541,5.7
25,5.5,7.4,6166,7.7
25.3,5.3,7.7,24062,9.9
25.1,6.7,7.6,83,4.8
26.1,3.6,7.4,4424,31.3
21.4,7.2,7.7,226,3.1
27.4,5.9,7.4,268,6.4
27.1,5.4,7.5,2413,7.4
27.2,5.8,7.3,384,5.4
27.3,5.9,7.4,269,5.1
27,6,7.3,269,8.5
27.2,6.1,7.3,196,6.1
27,5.9,7.4,269,6.4
22.6,6.3,7.8,223,4.6
28.4,6.7,7.3,9293,3.5
28,6.8,7.2,170,3.1
27.6,6.8,7.3,4175,3.3
27.9,6.9,7.3,4282,3.3
28.1,6.9,7.3,5551,3.4
27.1,6.8,7.9,5390,4.9
27.6,6.6,8.1,161,4.6
27.3,6.7,8,138,5
27.8,6.7,7.8,81,4.9
28,5.9,7.7,194,5.5
28.1,6.3,7.6,186,4.6
28.6,6.6,7.6,207,4.7
26.9,6.8,7.7,85,5
23,7.1,7.4,176,2.7
23,7,7.4,178,2.7
23,7.2,7.2,180,2.7
25.1,6.7,7.5,85,1.4
24.6,5.8,7.4,77,1.4
25.7,6.6,7.5,75,1.4
24.8,6.7,7.5,82,1.4
27.3,6.7,6.9,56,0.9
27.5,6.5,6.7,2240,1.2
25.2,6.3,6.9,73,1.6
29.9,7,7.4,130,0.7
29.8,6.6,7.7,191,1.6
27.8,6.9,6.9,134,1.1
26.7,7,7.5,80,0.8
25.8,6.7,7.4,14526,0.8
26.4,7.2,7.4,82,0.7
29.8,7.5,7.2,67,1.1
28.6,3,6.6,965,1.7
26.9,5.9,7.4,17990,0.7
26,6.7,7.5,90,1.6
23.6,6.1,7.4,4429,2
30.3,6.7,6.9,87,1.7
30.7,6.9,6.8,85,1.6
28.7,2.1,6.8,101,1.6
28.2,2.5,6.9,83,1.9
24.8,7.2,7.6,75,1.4
26.3,3.7,7.7,32005,1.2
29.2,6.1,7.6,281,1.2
26.6,6.7,7.6,106,0.5
30.4,7.6,7.1,58,1.2
25.5,1.9,7.7,2941,26.9
25.1,7.4,7,35,0.1
28.9,6.4,7.2,63,1.3
28.8,5.4,6.7,65,1.1
29.3,5.6,7.3,90,1.6
29.5,7.1,8,728,1.2
28.4,5.9,6.8,13953,1.5
26.9,7.4,6.9,57,1.1
25.8,7.2,7.2,41,0.7
26.6,6.5,7.4,71,0.6
25.3,6.8,7.1,81,0.8
28.2,6.8,6.9,68,1.7
28.5,6.6,7,70,1.4
27.6,6.4,7.7,100,0.6
29,7.3,6.9,96,1.9
27.5,6.8,6.6,49,0.5
30,5.6,7.2,24360,2.1
27.8,6.9,6.8,59,0.6
30.2,7.1,6.8,14410,1.8
30.8,6.2,7.2,22757,1.5
25.3,6.7,7.1,66,0.6
25.3,7.2,7,59,0.6
25.8,6,7.6,120,1.3
27.2,5.2,6.8,55,0.6
28.1,4.8,6.8,86,0.7
28.3,3.9,6.9,62,0.5
28.1,5,6.9,3185,1.8
27.7,7,7,36,1.1
28,6.3,6.9,64,1.2
28.2,6.2,6.9,86,1.3
28,5.7,6.8,2640,1.9
28.1,5.7,6.9,53,3.1
28.1,6.6,7.1,2007,1.3
28.1,6.6,7,46,1.3
27.3,6.5,6.5,43,0.9
28.3,6.7,6.3,54,0.9
29.1,4.3,7.2,113,1.8
28.7,4.6,6.7,12561,1.5
28.5,7.7,6.9,61,1.6
26.6,5.8,6.5,61,1
31,4.5,6.9,1614,2.1
30.5,6.9,7.2,20950,1.3
28.8,6.6,7,14487,0.9
25.3,6.9,7.5,54,0.6
25.9,5.5,7.6,569,1.3
26.5,5.4,7.8,310,0.8
18.9,7.1,7.8,516,0.7
20.5,6.9,8,505,0.9
27.1,7.3,7.3,109,2.4
26.3,7.5,7.5,83,2.1
29.1,6.4,7.2,102,1
28.4,6.5,7.1,92,1
24.7,7.7,7.9,232,1.3
24.4,7.5,7.8,519,2.1
22.7,7.3,7.2,103,0.7
24.8,7.4,7.9,196,0.7
24,7.4,7.8,244,1.9
22.8,7.5,8,243,1.7
26.8,7.2,8,296,1.5
27.4,6.6,7.8,25034,1.5
25.3,7.5,7.9,194,1
27.1,7.4,7.9,170,0.8
29,NAN,7.3,386,NAN
25,5.9,7.9,21600,NAN
25,6.5,7.3,21600,NAN
25,6.5,7.7,26600,NAN
32,6,7.1,13000,NAN
29.3,6.5,7.4,1063,2
22.8,6.8,6.6,63,2.9
24.5,6.6,6.4,101,2.5
25.5,6.6,6.5,136,2.5
29,6.7,6.9,226,2.2
23.8,6.7,6.3,72,2.7
22.8,6.7,6.4,61,4.6
29,6.6,7.2,1300,2.7
29,6.7,7,461,2.5
23,6.6,6.2,69,2.5
29,6.8,6.9,241,2.5
25.7,6.5,6.6,159,2.4
25.7,6.6,6.7,170,2.5
24.3,0.9,7.6,2039,104.5
NAN,NAN,NAN,NAN,NAN
22.7,5.8,7.2,640,6
19,4.8,7.6,1090,22
23,5.5,7.3,705,10
24,5.1,7.4,1375,23.7
24.7,5.5,7.4,745,10
25,5,7.6,975,16.3
22,4.9,7.7,1385,27.5
24.3,5,7.3,1067,19.3
23.3,5.3,7.2,970,13.3
19.5,4.9,7.7,1418,21
21.5,4.1,7.5,1015,23
20,4.8,7.4,854,17
NAN,NAN,8.2,NAN,19.8
NAN,NAN,7.9,NAN,18.2
32.6,4,6.8,370,3
23.6,7.8,7.8,376,1.3
23.9,7.7,7.7,354,1.3
24.5,7.6,7.9,344,1.6
NAN,NAN,7.2,NAN,88
18.1,4.4,7.1,694,41
25.1,5.9,8,401,0.9
22.3,6,7.2,106,0.8
23.7,5.6,7.9,326,1.1
23.9,6.2,8.1,592,1
25.5,7.2,7.5,119,2.3
25.1,7.2,7.5,120,2.3
25.2,7.5,7.3,82,1.8
23.2,7.5,7.5,111,2.4
20.1,5.3,3.3,831,7.7
18.3,7.2,7.2,56,1.7
19.3,7.5,7.2,66,1.6
24,7.8,7,74,2.3
20.5,6.7,2.7,1350,3.3
21.2,7.3,6.6,274,2.5
26.3,7.4,7.3,67,1.8
25.5,7.2,7.4,82,2
20,7.3,7.1,55,1.9
20.3,7.3,7.1,57,2
19.4,6.6,7.1,114,2.6
21,7.3,5.6,56,1.8
19.2,5.1,7,105,3.6
18.3,7.3,7.1,51,1.6
19.6,7.7,7.2,50,1.6
23.7,7.6,7.3,115,2.1
18.2,6.2,7,81,2.4
18.8,7.2,7.1,66,1.9
18.9,7.4,7.1,57,1.5
25.1,7.5,7.4,144,1.7
18.8,7.1,7.1,63,1.9
20.2,7.3,7.2,65,1.9
20,7.3,7.3,65,2
18.5,1.5,6.9,345,33.9
18.8,3.9,7.1,233,17
18.3,1,7.2,376,57.2
18.5,0.9,7.2,506,61.1
18.2,7.2,7,66,1.9
22.1,7.7,7.2,62,1.6
17.6,7.3,6.9,61,2.2
18.7,1.2,7.1,380,45.7
18.7,3.2,7.1,258,23.5
23.1,7.2,7.2,124,6.9
22.6,7.2,7.1,65,2.1
20,7.5,7.3,64,1.9
19.9,7.6,7.3,65,1.9
24.5,7.1,7.3,269,1.4
24.4,7.2,7.3,275,1.5
23.6,6.9,7.1,186,1.6
23.5,6.8,7.1,201,1.4
27.3,6.2,7.8,165,2.1
29.1,6.4,7.8,158,4.1
26.6,6.6,7.9,210,4.2
NAN,NAN,0,208,NAN
27.1,7.3,7.9,693,0.5
27.3,5,7.6,1676,1.8
NAN,NAN,0,506,NAN
24.5,6,7.7,1863,8.6
NAN,NAN,NAN,24300,NAN
27.5,5.3,7.8,817,2.8
28.3,4.3,7.8,2307,103.8
28.4,4.5,8.3,1287,1.5
NAN,NAN,NAN,NAN,NAN
27.6,6.8,8.2,1862,2.5
NAN,5,8,NAN,0.7
NAN,3,7.7,NAN,0.4
27,6.7,8.1,2520,7.2
29,8.2,8.4,606,2.9
NAN,NAN,NAN,NAN,NAN
30,5.6,7.5,41,2
30.4,5.5,6.7,209,0.8
30.8,5.5,7.1,123,1.5
30.3,5.3,7.3,182,1.5
30.1,6,7.6,100,1.2
29.9,5.7,6.9,111,1
29.1,6.4,7.1,140,1.1
29.9,6.2,7.8,44,2
29.8,6.1,7.6,43,1.8
27.9,7,6.9,64,1.1
28.2,6.6,6.5,62,1
29.6,7,6.8,304,2
28.8,7,7,55,1.2
29.5,6.3,7.6,213,1.5
29.8,6.7,6.8,83,1.2
29.7,7.1,6.6,76,1
28.7,6.7,6.6,107,1.3
27.9,7.2,6.7,89,0.9
29.3,4.2,6.7,192,2
28.6,6.3,6.6,79,1.6
29.8,5.6,7.7,142,1.7
28.6,2.8,6.4,424,3.2
30.6,5.2,7.1,306,2.6
30.3,5.6,7.7,40,1.5
30.4,5.5,7.7,40,1.5
29.6,6.9,6.7,63,0.9
29.6,6.3,7.6,227,1.7
29.5,7.1,6.6,68,1.1
26.7,6.9,7.7,121,3.3
29.3,7.2,8.2,112,3.3
28,6.9,7.7,103,3.7
28.2,6.9,7.6,104,3.5
26.5,6.4,7.4,1003,4.3
20.7,6.3,8.3,408,2.7
27.2,6.7,7.8,105,3.6
27.5,6.3,7.6,209,4.4
26,5.9,7.6,13768,5
26.5,7.3,7.7,86,3.2
27,3.6,7.4,6487,30.5
27.3,6.3,8.3,999,3.3
28.7,7.2,7.7,125,3.3
28.4,7.1,7.5,127,3.4
28.7,7.1,7.4,5300,38
28.7,7.2,7.6,127,3.2
28.7,7,7.6,126,3.3
28.7,7.2,7.6,126,3.4
28.7,7.1,7.8,112,3.2
29.3,6.8,7.7,9590,3.6
28.3,6.8,7.4,174,3.7
28.7,6.8,7.6,2572,3.3
29.2,6.7,7.8,6030,4.4
28.7,6.8,7.7,7207,3.9
27.2,6.8,8.1,167,3.8
27.2,6.8,8,173,3.5
27.2,7,8,168,3.6
28,6.9,7.9,131,3.5
26.2,7,7.6,125,3.5
26.2,7.2,7.5,132,3.3
28.2,7.2,7.7,119,3.3
24.5,6.9,7.5,159,2.8
24.5,6.7,7.7,141,3.3
24.5,7.3,7.7,132,2.9
24,6.4,7.3,76,1.7
24.9,6,7.1,85,1.7
24.3,6.3,7.1,69,1.3
24.8,6.5,7.3,76,1.6
26.4,6.7,6.6,60,1.2
27,7,6.6,3544,1.5
26.6,6.7,7.3,51,0.8
28.6,6.9,7.7,107,0.7
28.8,6.7,7.9,173,0.9
28,5.6,6.9,126,1.2
27.4,7.3,7.4,70,0.8
27.5,6.9,7.4,12754,0.8
26.8,7.1,7.4,80,0.6
30,7.2,6.9,62,1.3
28.8,3.4,6.7,2965,2.3
27.4,6.1,7.2,15871,0.9
24.8,6.4,7.2,120,1.9
23.6,6.2,7.2,7448,2
29.8,6.6,6.9,77,1.6
30.2,6.8,7,72,1.7
28.2,2.9,6.7,305,2.2
27.7,3,6.6,86,2
23.9,6.7,7.1,79,1.6
27.4,3.6,7.3,32790,2.6
27.8,6.1,7.8,2905,1.3
26.4,6.9,7.4,112,0.5
29.6,7,6.9,51,1.1
27,3.1,7.2,1416,13.2
26.3,7,7.1,30,0.5
30,6.1,7,59,1.8
28,6,6.4,61,2.1
30.1,6.3,7,105,2.8
27.9,6.9,8.1,502,0.9
27,5.9,6.7,14662,1.5
26,7.8,6.8,49,1.4
27.7,7.1,7.4,380,1
27.1,7.3,7.2,67,0.9
26.5,6.2,7.2,51,0.8
28.5,7.2,6.8,69,1.2
28.7,6.9,6.7,75,2.5
25.7,6.3,7.4,113,0.6
29.3,7.6,6.8,79,1.6
27,7,7.2,57,0.6
30.9,5.9,7,22576,1.5
27.1,6.8,7.2,105,0.6
30.3,6.3,6.7,2315,1.3
30.4,6.4,6.9,18569,1
26.2,6.6,7.3,45,0.6
26.2,6.9,7.2,42,0.5
25.1,6,7.3,92,1.7
27.4,6.1,7.2,59,0.7
28.1,4.5,6.9,1190,0.7
28.3,4.2,7,69,0.6
28.2,6,7,5569,2.2
27.2,7.3,7,34,1
27.4,6.3,7,44,1.6
28.2,6.4,7.2,49,1.4
27.9,5.9,7,3272,2.2
27.3,4.6,7,65,1.7
28.2,6.5,6.9,4650,2
28.2,6.5,7,42,1.4
26.7,6.4,6.4,45,1.2
28,6,6.1,56,1.2
29.7,5.3,6.8,99,2.8
28.2,3.6,6.5,22131,1.8
28.9,6.9,6.7,66,1.8
26.4,6,6.6,67,1.5
30,4.9,6.8,9107,1.6
30.8,6.3,7,18931,1.4
27.8,6.6,6.8,15525,1.1
26.7,7.1,7.5,46,0.8
27,6,7.3,432,1.2
26.8,6.1,7.7,328,1.2
19,5.8,7.8,707,0.6
21.4,6.1,8,674,0.9
27.1,7.3,7.3,164,2.3
26.3,7.6,7.4,122,2.4
28.3,6.5,7.1,95,1
27.9,6.5,7.1,56,1
23.4,7.5,7.8,237,1.4
23.5,7.6,7.6,3688,2.3
22.4,7.3,7.5,82,1.2
26.8,7.5,8,202,1.4
26.5,7.3,7.9,232,2.9
22,7.4,7.9,246,2.3
27.6,6.9,8.1,3960,2
26.8,7,8,28222,1.8
25.6,7.2,7.8,201,1.3
26.5,7.3,8,221,1.2
24,NAN,7.8,NAN,1
28,8,7.7,401,NAN
28,8,8.2,1886,4
28,7,8.2,742,5
27,7,6.4,149,4
27.8,6.7,7.5,1088,1.7
23.4,7.2,6.5,73,3.1
25.4,6.7,6.3,98,3.3
26.3,6.3,6.5,143,4
29,6.6,6.9,260,5.4
24.6,7.1,6.3,71,3.5
23.5,6.9,6.3,65,3.5
29,7.3,7.1,607,3.6
27,6.1,7,446,5.2
24,6.9,6.4,94,3.2
28.7,6.8,6.8,451,9.4
26.3,6,6.6,169,3.9
25.7,6.5,6.7,187,3.3
26.8,3.4,7.8,2577,164.9
NAN,NAN,NAN,NAN,NAN
23.3,5.5,7.2,636,9.7
22.8,4.7,7.3,1088,23.8
23.3,5.3,7.2,689,11.3
21.8,4.9,7.3,1267,23.5
24.3,5.3,7.4,852,13
23.5,4.9,7.5,977,16.5
24,4.4,7.4,1256,24.8
23.5,4.8,7.2,1021,20.3
23.3,5.1,7.3,971,14.8
22.5,4.6,7.4,1284,24.3
26,4,7.4,1096,26
25.8,4.4,7.3,1002,21.5
NAN,NAN,6.9,910,13
NAN,NAN,6.5,930,15
NAN,5,7.3,NAN,33.9
NAN,NAN,6.7,960,18
30.7,4.8,7.6,295,0.8
20.3,7.1,7.5,293,1.3
20.7,7.1,7.5,316,1.4
20.8,6.6,7.5,274,1.6
20.6,4.9,7.4,407,16.3
28,4.9,8.3,603,1
23.4,5.5,7.4,138,0.8
25.3,5.5,8.1,625,1.1
31.1,5,7.3,305,1.7
26.3,5.6,8.1,552,1.1
22,7.3,7.3,402,2.1
24.4,7.2,7.3,99,2.2
23.7,7.2,7.4,102,2.2
24.6,7.6,7.2,72,1.8
23.1,7.1,7.5,131,2.2
21.7,5.2,2.9,682,7.8
18.2,7.3,7.1,47,1.3
18.8,7.6,7.2,52,1.2
23.8,8,6.9,64,1.8
17.8,7.9,7.3,46,1.4
18.7,7.4,7.2,53,1.9
18.8,7.7,7.2,55,1.6
21.3,6.8,2.7,1074,3.2
22.6,7.1,6.5,237,3.8
25.2,7.8,7.2,50,1.6
24.8,7.3,7.3,71,2
19.9,7.3,7,91,1.8
20.7,7.4,7.1,49,1.7
20.6,6.5,7.1,99,2.7
21.5,7.5,5.7,50,1.5
17.7,5.8,6.9,68,3.1
17.9,6.9,7.2,44,1.4
23.9,7.8,7.3,93,1.9
18,6.6,7,66,2.3
18.4,7.6,7.1,53,1.7
18.8,7.8,7,47,1.4
24.8,7.7,7.4,128,1.6
19.3,7.1,7,54,1.8
20.6,7.4,7,69,1.6
20.7,7.5,7.2,58,1.6
18.4,3.1,7.2,401,21.8
19.1,4.7,7.2,202,13.6
19.7,2.1,7.2,303,37.2
20.1,1.8,7.2,394,40.6
17.6,7.2,6.9,55,1.7
22.7,7.9,7.1,55,1.2
17.9,6.9,6.9,52,2.2
18.9,1.9,7,306,34.2
19.4,4.5,7.1,196,15.5
23.7,7.2,7.1,107,6.7
22.7,7.5,7,82,2.1
23.6,7.1,7.5,189,1.9
23.8,7,7.6,197,1.8
23.5,7.2,7.9,158,1.9
23.5,6.5,7.8,161,1.8
27.4,6.6,7.7,165,1.7
21.9,6.7,7.8,167,4.8
27.5,6.6,7.7,183,3.7
31,7.1,7.8,151,8
28,7.2,7.4,319,0.7
27,6.2,8.4,894,9
30,2.2,8,1835,17.9
31,2,7.7,3165,32.3
29,2.4,7.6,1500,6.2
31,5.9,7.2,52,2.1
30,6.1,6.8,408,1.3
30,5.5,6.9,143,1.3
29,5.4,7.2,60,1.5
29,5.8,7.2,34,5.3
29,5.9,6.7,125,1.5
28,6.4,6.7,175,1.3
30,6.2,7.7,39,1.3
30,6.1,7.8,39,1.5
27,7.3,6.9,61,0.7
28,6.8,6.6,71,1.5
29,7.4,6.5,129,2.3
28,7,6.8,503,1.6
29,6.3,7.5,31,1.6
29,7.1,6.8,70,0.8
30,7.3,6.8,69,1.2
28,6.7,6.6,118,1
28,7.4,6.8,80,1.3
29,4.5,6.6,250,2.4
28,6.1,6.9,74,1.8
30,5.9,7.3,44,1.6
30,2.4,6.5,195,4.8
31,4,6.8,207,1.8
29,5.4,7.6,40,1.6
30,5.3,7.6,41,1.4
29,7,6.9,54,0.8
29,5.9,7.7,44,2.1
29,7.1,6.5,60,1.7
29,6.9,7.7,99,3.3
30,6.6,7.9,123,3.2
27,6.6,7.7,220,3.6
27,6.8,7.7,219,3.4
27,4.8,7.2,5429,8.4
23,6.4,8,493,4.2
29,6.8,7.6,100,3
29,6.7,7.5,316,4.6
28,5.8,7.9,37227,9.5
29,6.9,7.7,84,3.1
25,4.9,7.6,21254,55.5
28,6.9,7.9,312,2.7
29,6.8,7.5,146,3
29,6.7,7.3,127,2.9
29,5.6,6.9,432,4.5
29,6.5,7.3,126,3
30,7.1,7.5,128,3
30,6.4,7.3,129,3.1
29,6.9,7.7,129,2.9
25,7,7.9,153,2.9
30,6.4,7.6,10165,3.7
30,6.9,7.7,307,2.8
31,6.3,7.7,322,3.5
30,6.5,7.5,5835,3.4
30,6.3,7.4,9245,4.7
28,6.5,8.1,1907,4
28,7,8,1896,3.5
28,7,8,206,2.9
27,6.8,7.8,239,3.3
27,6.4,7.6,152,3.2
26,6.7,7.7,146,3
27,6.7,7.6,137,2.9
28,6.6,7.8,228,3.5
23,7,7.7,409,2.4
22,6.8,7.6,263,2.9
23,6.9,7.5,338,2.3
26,7,7.2,79,0.8
26,6.6,7,67,1.1
26,6.6,7.3,59,0.7
26,6.2,7.3,66,0.8
26,7.1,7,67,1
26,7,6.7,5341,1.1
29,6.7,7.3,89,1.1
28,6.2,7.3,136,1
28,7.1,8.1,212,0.9
29,6.3,6.3,134,1.2
26,7.3,7.2,76,0.6
26,7,7.3,11041,0.9
28,6.8,7.1,75,0.8
29,7.4,7.2,61,0.7
28,1.7,6.6,769,3.4
26,6.1,7.5,14083,1.4
26,6.6,7.2,92,0.8
25,6.6,7.2,1348,0.8
29,6,6.7,95,1.2
29,6.6,6.8,78,1
28,0.6,6.7,268,4.1
27,1.8,6.6,82,2
25,7.1,7.2,61,1
26,3.9,7.6,30298,2.5
27,6.6,8,310,1.1
27,7,7.1,97,0.8
29,7.3,7,51,0.7
29,0.5,7.1,1717,21.2
29,7,7.4,55,0.9
29,6.1,6.8,67,1.1
27,7,6.7,61,1.3
30,5.2,6.9,81,1.5
27,6.1,8,510,1.1
27,6.5,6.9,12150,1.8
25,7.9,7.2,50,1.1
25,7.5,6.9,34,0.9
26,7,7.4,72,1
29,7.3,7.3,99,0.9
27,7.5,6.9,125,1.6
27,6.8,6.9,116,1.7
27,5.8,7.3,107,0.9
28,7.1,7.2,85,0.8
26,6.8,7.1,58,0.7
29,5.7,7.3,13197,1.5
27,6.7,7.1,58,1.2
28,7,6.9,3453,0.9
29,6.5,7,14369,1.3
28,6.6,7.3,70,1.4
29,7,7.3,60,0.8
26,6.3,7.2,97,0.8
28,6,7,63,1.1
28,4.4,7.1,113,1.5
28,4.5,7.2,79,1
28,5.1,6.9,1789,2.1
27,7.5,7.2,36,1.1
28,6.8,7,59,1.3
28,6.8,6.9,114,1.4
28,5.9,6.8,1108,2.2
28,4.9,6.7,88,2.2
28,6.8,6.9,1686,1.4
28,7.1,6.9,45,1.2
26,6.9,6.6,56,1.1
28,6.5,6.3,49,1
29,4.9,6.6,169,2.1
28,4.2,6.5,19575,1.4
28,6.9,7.1,63,0.9
26,6.6,6.7,69,0.8
29,4.5,6.6,6381,2.1
29,6.2,7.2,9326,1.3
27,6.6,7.1,15158,1.1
29,6.3,7.3,74,1.2
27,6,7.6,429,1.1
27,6,7.8,308,1.1
20,5.8,7.4,505,0.6
24,6.1,7.5,465,0.5
28,6.4,7.1,183,2.3
27,7.1,7.4,135,1.9
32,6.7,7.2,103,1
30,6.8,7.1,106,1
22,7.8,7.9,213,1.5
22,7.7,8.1,312,2
24,6.9,7.6,99,1.6
27,7.3,8,230,1.6
26,6.8,8.1,264,2.6
25,7.2,8.1,272,3.1
28,8,8.3,312,1.4
29,8.2,8,19595,2
26,7,8,199,1.8
28,7.2,8.1,201,1.6
31,6.8,7.8,505,2.1
25,6.5,7.9,11170,3
25,6.9,7.4,4990,3
25,6.8,8.1,1516, 
26,6,7.3,44600, 
27,6.8,7.5,890,2.1
23,7.3,7.6,160,1.9
25,7,7.7,111,2.2
26,6.7,7.7,139,3.1
29,7.2,7.2,288,2.1
24,7,7.1,95,1.9
24,7,7.5,84,1.7
29,7.4,7,3101,15.6
29,7.2,7.3,510,2.9
24,7.1,7.4,88,1.8
29,7.2,6.9,338,3.8
26,6.7,7.6,162,3.3
27,6.7,7.6,182,4.1
32,0.2,7.2,2219,185.8
 ,6.8,8,414,3.1
21,5.5,7.4,635,8.8
24,5.5,7.4,1051,25
21,5.3,7.3,636,9.9
24,5.1,7.4,993,21.9
21,5.3,7.5,632,13.5
18,4.9,7.4,973,17.5
22,4.3,7.5,1156,24.5
22,4.8,7.4,904,26
21,5.1,7.4,1110,16
24,5.3,7.4,1290,26.9
22,4.9,7.4,990,27.8
22,5.2,7.4,914,20.5
 ,6.4,7.9,1808,21
 ,6.6,7.8,1302,18
 ,6.4,8,1286,19.5
33,4.8,7.5,280,2.4
20,7.7,7.4,344,1.2
20,7.3,7,310,1.4
20,7.1,7.7,303,1.5
20,3.3,7.5,1630,185
18,6.2,7.5,788,41.5
24,6,8.3,468,1.4
19,5.9,7.3,234,1.5
23,6.4,8,527,1.2
24,5.9,7.9,796,1.5
23,7.3,7.4,388,2.1
28,8.5,7.5,166,2.7
29,8.9,7,125,1.9
30,8,7.8,144,2.1
30,7.5,7.7,87,1.2
28,8.5,7.6,84,2
29,8.4,7.5,103,1.9
30,8.7,7.2,117,3.2
29,6.5,7.7,287,8.2
28,8.6,7.5,130,4.6
28,8.9,7.5,109,1.2
30,9.8,8.4,246,1.2
28,7.6,7.5,147,1.3
29,8.7,7.6,202,1.2
28,8.4,7.4,177,2.4
29,8.7,7.6,203,2.5
32,8.2,7.4,120,1.9
32,8,7.2,110,1.4
30,8.4,7.6,213,1.5
29,9.4,7.8,174,1
31,8.1,8,244,2.4
29,8.1,8,162,1.8
30,8.7,7.6,163,2.6
29,8.7,7.6,143,1.9
30,9.2,7.6,208,1.9
29,8.3,7.7,158,2
29,5.9,7.1,338,6.6
30,4.3,7.4,269,12.3
29,8.2,7.1,109,3.3
28,11.1,7.6,131,3.6
29,7.4,7.1,116,2.7
28,8.2,7.6,112,2.1
29,8.5,7.5,169,3.6
28,11.4,7.2,128,1
29,8.9,7.6,221,1.7
30,9.3,7.6,193,2.3
28,9.1,7.3,217,3.9
28,7.9,7.3,131,0.8
29,8.7,7.4,176,2.2
30,8.1,7.3,199,2.2
30,8.2,7.4,170,2.2
25,7.7,7.2,95,1.8
25,7.6,7.2,92,2.5
25,9.9,7.2,65,1.5
24,7.6,7.4,93,2.1
22,5.5,2.9,568,6.8
16,7.6,7,42,1.3
17,7.7,7.1,45,1.4
23,8.3,7,59,1.7
25,6.9,2.6,1072,3.2
25,7.7,6.3,250,2.1
25,8.8,7.3,37,1.5
25,7.3,7.3,72,2
20,7.5,7,38,1.7
22,7.8,7.1,44,1.6
20,7,7,100,2.4
21,7.5,6.3,52,1.7
16,6.4,6.9,61,2.6
17,7.5,7.1,39,1.4
17,8,7.1,41,1.4
24,7.9,7.3,93,1.7
18,7.5,6.9,69,1.9
18,7.9,7.2,46,1.7
18,8,7.2,42,1.4
25,7.7,7.1,101,1.5
19,7.2,7.1,49,1.6
21,8.2,7.1,49,1.2
21,7.8,7.1,58,1.5
18,3.9,7.1,235,16.9
18,4.9,7.1,182,14.2
19,2.7,7.1,281,35.4
19,2.5,7.1,382,37.2
18,8,7,48,1.4
24,8.4,7.1,48,1.2
17,6.8,6.6,49,1.9
18,2.1,7,286,45.6
19,4,7.1,194,22.4
24,7.7,7.2,107,6.6
22,7.6,7.1,51,2
20,7.7,7.1,46,1.6
20,7.7,7.1,49,1.9
24,6.5,7.4,297,1
24,6.3,7.5,287,0.9
24,6.5,7.2,375,1.1
24,6.9,6.9,349,1.1
28,6.6,7.8,165,1.6
28,6.4,8,155,3.9
27,6.5,8,168,4.2
29.1,6.7,7.7,218,5
27,4.2,7.9,4909,18
28.1,4.6,8,23576,158.8
29.1,4.8,7.8,65700,164
27.7,6.7,8.5,235,NAN
27.1,6.7,8.3,262,NAN
27.1,6.8,7.8,227,NAN
27.3,6.8,8.5,249,NAN
27,4.2,8.2,2754,42
27.6,7.1,7.3,212,1.4
28.2,5,8.3,12771,4.1
28,6.7,8,304,1.5
28.5,5.8,7.7,1315,2.5
29.5,5.9,7.6,36593,3.9
27,7.6,7.7,1291,10
29.5,6,7.7,18865,3.6
27,4.3,8.4,605,6.5
26.7,3.7,8.2,600,4.3
27,4.6,7.2,729,4
26.8,6.2,8.4,2670,1.3
28.7,6.8,6.5,43,1.1
29.3,6.6,7,59,1.1
28.8,6,6.2,106,1.5
28.3,5.9,6.6,516,1.1
25.8,7.3,6.1,87,0.9
28.3,7.3,5.9,74,1.5
27.8,6.7,6.3,127,2
26,6.8,6.2,226,1.6
27.8,7.1,5.9,93,1.8
26.3,7.4,6.2,76,1.3
25.7,7.3,6.2,113,1.2
29,7.3,5.9,100,1.3
26.9,6,5.9,273,1.8
27,6.1,6.5,201,2
27.5,6.2,6.3,245,1.8
28.3,7,6.5,75,0.9
29,7.3,6,74,1.6
28.2,7.1,7.9,108,3.3
NAN,7.1,7.7,111,4.4
27.4,7,8,129,3.5
27.3,7,8,130,3.3
28.5,5.7,7.4,2323,6.3
28.4,5.9,7.6,462,4.9
28.4,7,7.7,107,3.8
28.9,6.2,7.4,299,5.1
28.2,5.9,7.8,33259,6.8
28.9,7.2,7.9,77,3.2
27,3.2,7.4,28018,46
27.9,6.8,7.8,350,2.6
26.8,6.9,7.5,133,3.2
27.2,6.9,7.5,143,3.4
26.8,6.1,6.9,609,4.2
26.9,6.8,7.4,129,3.2
26.8,6.7,7.4,130,3.2
26.9,6.6,7.4,130,5
26.9,6.7,7.5,120,3.6
26.2,7.1,7.9,139,3.2
27.4,6,7.4,13925,59.1
26.4,6.7,7.7,274,2.3
26.7,6.3,7.9,326,2.5
27.3,6.3,7.9,7392,2.4
27.4,6.3,7.7,12051,4.4
27.6,7,8.3,162,3.8
27.5,7,8.3,212,3.6
27.5,7.1,8.3,227,3.2
26.9,6.8,8.2,314,4.3
25.9,6.8,7.8,151,3.4
25.9,7,7.8,123,3.4
26,6.9,7.8,139,3.3
26.9,6.8,8.2,313,4
24.8,6.7,7.8,215,2.5
26.2,6.7,7.8,204,2.5
25.3,6.9,7.7,205,2.2
26.6,7.1,6.9,72,0.5
26.8,6.6,6.9,70,0.9
26.6,6.9,7.1,52,0.8
26.8,7.2,7,830,0.8
29.3,6.3,6.9,95,1.3
25.4,7.2,7.4,164,0.9
25.5,6.9,7.5,231,0.8
26.6,6.5,6.9,101,1.3
24.7,7.1,7.1,64,0.6
24.8,7.1,7.1,4600,0.6
28,7.5,7.2,52,0.6
27.4,2,6.8,265,2.4
26,5.6,7,12769,1.2
27.4,7.1,7,90,0.6
26.5,6.1,7,248,0.8
28.4,6,7,94,1.1
28.8,6.5,7.5,76,0.8
26.7,1.5,6.6,192,3.6
26.4,2,6.8,79,2.4
26.5,7.2,7.1,52,0.6
25.5,4,7.5,25964,1.1
28,7.2,7.3,54,0.9
28,0.8,7.1,1239,11.9
27.9,6.4,6.5,58,1.3
28.1,6.3,6.8,77,1.2
28.6,5.4,6.6,80,1.6
25.3,5.8,7.8,666,1
28.3,6.6,7.2,12768,1.1
26.1,7.7,7.2,44,1
24.3,7.1,7,27,0.4
26,7.3,7.2,59,0.6
28.5,7.8,7.1,119,0.7
26.6,7.3,7.1,54,1.3
26.8,7,6.6,104,1.5
28,6,7.2,92,0.7
26.2,6.8,6.6,48,0.5
28.5,5.6,7.1,20455,0.6
26.5,7,7,56,1.1
29.3,6.7,6.9,2531,0.5
29.3,6.2,7.2,15362,0.8
27,7.3,7.2,62,0.8
27.3,7.6,7.2,59,0.6
27.9,6.4,6.8,83,0.5
27.8,7,6.6,50,0.6
27.8,6.7,6.8,76,1.2
28.3,6.7,6.6,64,0.9
27.5,5.6,6.9,943,1.5
26.3,7.4,7,38,0.9
27,6.7,6.9,43,1
27.4,7.1,7.3,48,1.5
27,6.2,6.8,309,1.6
27.4,5.2,6.8,61,1.8
27.3,6.8,6.9,995,1.1
27,6.8,6.9,52,0.9
27.8,6.2,6.6,44,0.7
28.4,4.5,6.5,77,1.1
28.8,4,7,19279,0.9
28.8,7,7.4,69,1
25.9,6.5,6.8,58,0.5
28,4.6,6.9,98,0.6
28.5,6.6,7.3,12327,0.6
28.8,7.1,7,51,1
27.6,6.2,7.5,371,1.1
27.6,6.2,7.7,316,1.3
28.3,7.3,7.1,241,2.9
27.5,7.7,7.4,121,1.4
30.5,6.5,7.3,64,1
29.5,6.9,7.4,57,1
22.3,7.5,8,211,1.9
22.3,7.2,8,263,3.7
25,7,7.6,111,1.6
25.9,7.5,7.9,205,1.5
25.9,7.1,7.7,283,2.3
24.8,7.4,8,263,1.7
27.5,8.1,8,300,2.3
28,7.8,8,13103,2.1
25,7.4,8,207,1.5
25.8,7.2,8,198,1.4
26.8,6.5,8.1,729,1
31,3,8.1,1086,NAN
32,6.9,8.2,10910,NAN
31,6,8,17990,NAN
28,4.8,7.7,48500,NAN
28.4,6.3,7.6,830,1.8
24,7.4,7.6,104,1.2
NAN,6.9,7.8,440,3.4
24.8,5.8,7.2,732,8.5
24,5.6,7.4,1322,15.3
25,5.4,7.3,809,10
23.3,5.7,7.3,1103,14.3
25.8,5.7,7.5,906,24
25.8,3.5,7.4,1064,20
25.8,3.2,7.6,1197,27.3
26,4.7,7.3,1383,32.8
26,4.8,7.4,1063,16
24.4,5.3,7.5,1532,18.3
23.4,5.6,7.5,1269,34.5
24.3,5.4,7.4,1194,22
17.7,6.1,6.8,780,14.7
17,6.1,6.8,773,14.7
17.3,6,7,820,15.3
28,4.8,7.9,650,3.2
32,5,7.3,390,2.8
21.4,8.3,7.6,334,1
22.3,8.2,7.7,316,1.2
18.3,3.1,7.8,1261,195.4
22.8,8.3,7.6,304,1.2
21.8,5.5,7.6,743,7.6
26.9,5.1,7.8,657,1.7
27.3,5.3,7.8,623,1.7
19,8.7,7.1,252,4.9
26,5.1,7.2,17,1
19,10,7.4,157,0.6
21.8,5.9,7,164,1.6
22.3,6.1,7.3,141,1.4
22.3,5.6,7.1,427,1.4
22.3,4.7,7,527,1.9
23,5.5,8.6,116,4.5
23,6.8,6.8,160,1.5
23,7,7.4,47,1
23,7.3,7.8,116,1.2
22,5.5,7.3,179,1.2
22.3,4.7,7.4,220,1.6
27,4.9,7,180,1.2
30,5.8,7.8,367,6.2
23,5.8,7.4,249,1
23,6.2,6.9,182,2.1
22.7,5.5,7.7,356,1.2
23,5.1,6.9,190,2.3
23.5,5.2,7.1,164,2.8
23,4.6,7,188,2.8
23.5,5.6,6.6,165,1.9
23,1.9,6.8,484,15.3
23,2.5,7.1,424,16.7
22.5,5.5,6.9,118,2.8
23,6,7,100,4.2
22.5,4.9,6.9,93,3.6
20,4.8,7,167.1,2.8
22.7,5.4,7.2,211,1.1
26,6,7.5,231,1.1
19,5.6,7.1,319,4.4
22.5,5.7,6.9,261,2.3
18.9,9.9,7.1,163,1
21,6.1,7.6,163,4.5
22.5,5.1,6.9,170,2.5
23,3.8,7,192,3
24.4,7.8,7.2,139,1.9
21.8,6.5,3.1,489,6.1
20.8,7.3,7,162,2.2
25.2,7.8,7.1,136,1.9
24,7.7,7.1,205,7
23.4,8.1,7.1,267,1
23.4,8,7,278,1.1
23.2,6.9,7.2,268,1.1
23.3,6.8,7.1,286,1.3
28.4,6.6,7.8,149,1.8
28.6,6.3,8,164,3.4
28.5,6.6,7.9,196,4.4
29.9,5.6,7.5,15608,25
29.9,3.7,7.5,39503,13.5
29.8,4.7,7.6,46170,21.5
30.2,5.8,7.8,378,NAN
29.7,6.6,7.7,489,NAN
30.1,6.6,7.4,492,NAN
30.3,6.2,7.8,359,NAN
29.8,5.8,7.7,8757,NAN
26,5.1,8.1,533,3.7
27,7.1,8,555,2
27,6.8,8.2,26600,3.1
29.3,8.1,7.6,938,8.6
28.4,6.2,7.8,7778,2.7
32,NAN,7.2,1440,46
28.3,3.2,7.7,885,6.3
29.3,6.6,6.5,58,1.8
28.8,6.6,6.6,145,1.5
29,6.3,6.6,55,1.8
28.8,6.4,6.4,188,2
27.3,6.9,6.2,61,1.7
28.3,7.2,6.1,62,2.6
29,6.9,6.6,154,1.9
27.6,7,6.3,742,1.6
28.8,7.6,6.2,62,1.1
28.3,7.1,6.2,69,1.4
27.8,6.8,6,93,1.9
28.5,7.1,6.2,89,1.4
28.1,6.3,6.2,110,1.5
29,6.2,7,77,1.8
29.5,6.2,6.8,67,1.7
30.2,6.9,6.5,62,1.4
28.3,6.7,6.2,62,0.9
28.7,6.8,7.9,119,3.5
26,7,7.7,88,3.2
NAN,6.9,7.3,70,3.4
NAN,7.4,7.2,77,3
24,7,7.4,3113,4
32.1,5.5,8.1,363,8.4
30.3,6.9,7.5,86,3.6
30.1,6.4,7.4,621,37.8
28.8,5.2,7.9,42354,9.5
28.7,6.9,7.4,73,3.5
29,3.4,7.4,17842,31.5
28.5,7.4,8.1,254,2.2
27.7,6.7,7.4,125,3.7
28.6,6.6,7.5,129,3.9
27.1,6.1,7.3,515,5.1
27.1,6.6,7.4,122,3.6
27,6.5,7.3,131,3.8
26.8,6.7,7.3,130,3.4
26.8,6.6,7.4,95,3.7
26.4,6.8,7.7,143,3.6
22.1,6.3,7.5,10825,2.9
22.3,7.1,7.4,185,2.2
22,6.7,7.5,1439,2.5
22,6.6,7.5,185,2.4
22,6.7,7.8,3521,2.4
28.2,7.1,7.7,193,3.1
28.2,7.1,7.9,175,3.1
28.3,7.1,7.8,174,3.3
NAN,7.2,7.5,308,4
26.3,6.4,7.7,153,3.6
26.1,7,7.7,111,3.4
26,6.6,7.6,209,3.4
NAN,7.5,8.2,296,3.5
27.6,6.9,7.5,119,2.2
27.6,6.8,7.7,116,2.3
27.3,7,7.7,118,2.1
27.4,5.2,6.6,453,1.5
27.3,7.2,6.8,35,1.1
26,7,7.1,62,0.5
26.2,7,7.1,5228,0.6
27.5,7.2,7,51,0.6
28.1,6.7,6.9,62,1.2
28.2,6.5,6.5,118,1.1
27.6,0.6,7,1787,14.1
28,6.6,6.8,49,0.9
24.3,6.8,7.3,67,0.6
25.8,7.3,7.4,104,0.6
27.8,6.5,6.7,39,1.2
26.3,7.2,6.5,45,0.9
28.5,7.4,6.9,65,0.9
29.3,6.5,6.5,60,1
27.6,6.6,6.9,57,0.9
28.1,7.1,7,84,1
27.8,7.5,6.8,56,1.3
28.1,5.4,6.7,100,0.9
26.6,7,6.9,66,0.7
27.8,7.1,6.9,75,0.6
29.3,6.5,6.7,70,0.9
28,6.7,6.6,102,0.8
23.8,7.1,6.8,27,0.6
26.3,6.9,7.1,46,0.5
27.9,6.7,6.8,8291,1
28.4,6.2,7,12342,1.4
27.1,7.5,7.3,53,0.8
28.5,7.6,7.3,62,1
28.1,2.2,6.4,625,2.3
26.4,7.4,6.7,55,0.7
27.1,7,6.8,103,0.7
26.9,5.3,6.9,109,1.3
28.6,6.3,7,1392,0.7
27.9,6.7,7,71,0.5
28.4,6,6.4,57,1.4
29,4.2,6.6,93,1.7
28.8,5.1,6.7,88,1.9
27.8,5.3,6.4,4912,1.1
28.5,6.9,7,84,0.9
26,2.8,7.4,18256,1.6
26.5,5.3,7.2,9753,0.9
28.4,6.5,5.8,67,0.4
28.1,6.9,6.1,86,0.6
26.8,7,6.6,59,0.8
28.6,5.6,6.4,7904,1
28.1,6.8,6,55,0.5
29,6,5.9,105,1
28.8,6.3,7,2759,1.4
28,6.5,7.6,312,1.1
27.4,6.4,7.7,203,1.1
28.8,7.3,7.3,308,4.2
30.8,6.8,7.8,23761,1.9
28,7.5,8.1,228,2.1
27.3,7.7,8.1,243,1.6
29,7.6,7.9,191,1.4
24.5,7.5,7.9,237,1.8
24.8,7.4,7.7,865,1.9
25.3,6.7,6.9,132,1.2
26.8,7.1,7.9,211,1.4
29,6.7,7.9,182,1.1
29,7.4,8.8,434,2
28,6.4,8.3,565,2
28,6.9,8.8,238,4
28,6.3,6.6,425,NAN
24.8,7.4,7,75,1.6
27.2,7.2,6.8,70,1.8
27.3,6.6,7,119,2.5
28.4,6.9,7,236,1.9
26.8,7,6.9,73,1.7
25.2,7.2,6.9,75,1.5
28.4,6.9,7.2,385,2.3
28.2,6.4,7.6,860,3.3
24,7.6,6.6,166,2
29,6.9,7.2,308,1.9
25,6.8,6.7,247,2.1
25,6.6,6.9,359,2.3
15,6.5,7.6,450,18
23.5,6.1,7.8,825,16
NAN,6.5,8.4,240,2.7
15,6.9,7.8,480,18
20.3,5.6,6.7,807,10.8
20,4.9,6.8,1097,26.5
20,4.9,6.6,834,13.1
19.8,5.2,6.7,1027,28
32.7,3.3,7.9,897,1.3
34.5,4.9,8,510,1.2
19.8,5,6.9,1172,25.5
27,4.8,7.8,599,534.5
20.5,4.7,6.7,906,25.3
20.5,5.4,6.8,883,15.4
20.5,5.1,7.6,1069,26.5
21,4.2,7.6,1168,31.8
20.3,4.8,6.6,905,15
20,4.5,6.6,1269,30.3
20,4.7,6.7,1216,26.8
21.3,5.2,7.3,465,0.9
22.1,7.8,8.2,410,1.2
22.33,6.7,8.12,396,1.53
21.5,8,8.1,403,0.8
24,4.88,7.94,149,2.65
22,5.67,7.02,153,1.67
24,6,6.9,300,2.23
23,6.15,7.45,234,2
23,2.7,7.35,357,8.45
24,2.98,7.52,422,5.53
24,5.48,7.42,180,2.08
23,5.13,7.46,162,2.23
25,7.85,7.13,254,6.68
24,6.58,6.5,655,5.93
20,7.58,7.03,191,2.08
24,8.23,7.05,137,1.4
25,8.23,7.38,143,1.55
22,6.6,7.3,210,1.3
22,6.8,7.2,220,1.5
23,6.8,7,317,1.5
23,6.4,6.7,323,1.4
28,6.5,7.7,146,1.6
28,6.2,7.7,176,3.5
29,6.3,8,198,4.2
28,7.3,7.4,332,0.7
29,6.5,7.5,21417,16.4
30,6.1,7.3,11855,12.5
30,6.3,7.4,24506,136
30,5.9,7.5,25343,56.5
30,6.6,7.8,371,NAN
30,6.2,7.4,368,8
30,6.7,7.7,354,4
33,6.8,8,374,21
30,5.9,7.4,7173,12
28,7.3,7.4,332,0.7
30,5.7,8,601,7.4
30,4.7,8.3,753,3.7
28,5.8,7.8,16177,3
30,2.5,7.5,1108,6
30,6.1,8.1,14921,3.2
30,0.6,7.1,3115,36.5
27,3.2,7.8,5073,5.8
30,4.2,8.2,901,6.7
28,2.9,8.3,11405,5.6
29,5,7.7,47156,3.1
31,7.2,6.3,14100,1.6
29,5.5,7.8,401,1.3
30,6.2,6.9,11000,1.3
29,6.5,6.8,30190,2.3
24,8.1,7.7,7400,2.6
27,7.8,6.4,609,2.3
27,7.8,6.4,90,2
28,7.2,6.5,8240,1.6
27,4.2,7.6,5543,0.7
26,6.5,6.4,505,1.6
28,7.4,6.9,3844,2
28,5.4,7,7692,1.7
27,6.6,7.2,692,1.9
29,5.1,7.5,NAN,2.3
29,7.3,6.8,20640,2.5
28,7.2,6.9,5350,2.2
28,7,6.8,4800,3
28,5.5,7.7,8092,7.6
29,6.9,7.6,136,3.8
29,6.9,7.7,120,3.9
28,6.7,8,111,3.6
26,6.9,7.3,229,3.8
29,6.8,7.5,171,3.8
29,6.9,7.3,183,2.2
34,3.3,7.6,29464,19.4
32,5.4,7.2,925,11.7
22,6.2,7.2,13848,2.5
26,7,7.4,225,3.8
35,6.6,8.1,102,3.9
28,8.1,6.3,1414,1.1
27,6.9,6.8,41,0.8
27,6.9,6.9,78,0.5
26,6.7,6.9,5507,0.6
27,7.3,7,49,0.7
28,6.7,6.7,67,1.3
29,6.5,6.6,109,1.2
26,0.7,6.6,4235,12.5
27,6.9,6.5,108,1
28,6.4,6.6,48,1
26,7.2,6.7,109,0.8
29,6.8,7.1,61,1.5
28,6.1,6.7,244,0.9
27,6.8,7,62,0.6
28,7.1,7,59,0.8
27,7.4,6.6,64,0.7
26,6.4,7,79,0.8
26,7.2,6.7,73,0.9
27,6.2,7,83,0.6
29,6.1,6.7,55,1.4
28,6.6,6.5,79,0.8
26,6.9,6.7,198,0.3
27,7.3,6.5,44,0.5
28,6.2,6.6,15738,1
29,5.2,7.1,18459,1
28,7.4,7,45,1.1
28,7.6,6.7,52,1.1
28,2.9,6.3,841,2
26,6.6,6.7,72,0.7
26,6.4,6.7,122,0.7
26,5.4,6.6,102,0.9
27,6.2,7,5656,0.9
27,6.9,7.1,71,0.5
28,6.7,6.5,55,0.9
28,5.7,6.7,127,1.9
28,6,6.9,77,1.8
28,5.2,6.1,4968,1.1
28,7.4,6.4,78,1.2
27,3.5,7.3,20430,1.3
27,6,7.1,13257,1.1
28,6.4,6.1,62,0.7
27,6.6,6.3,59,1
27,7.1,6.4,59,0.9
28,6.4,7.1,7035,0.8
28,7.3,6.2,51,0.9
29,6.8,6.5,80,0.8
28,6.4,6.7,3131,2.2
27,5.8,6.5,59,1.5
28,5.2,7.2,19885,1.2
27,7.7,6.8,67,0.9
28,5.7,7.2,19085,1.4
25,6.7,6.3,177,1.2
28,6.4,6.4,4165,1.2
27,6.2,7.6,498,0.4
27,6.8,7.5,119,0.4
27,7.1,7.6,161,0.5
28,5.9,6.7,70,1.7
28,5.8,6.5,864,1.5
29,4.7,6.6,69,1.8
28,6.5,6.6,1204,1.2
28,1.4,6.2,129,2.2
28,1.5,6.3,73,1.5
28,7,7.5,226,1.1
30,7.7,8.1,330,1.9
30,7.5,7.9,20786,1.3
28,7.2,8.2,315,1.7
28,7.6,8.1,301,1.5
28,7.3,8,225,1.3
27,7.4,8,238,1.9
27,7.2,7.7,835,2
29,7.2,7.8,169,1.3
28,7,8.1,240,1
29,7.4,8.1,153,1.7
33,7.7,7.8,220,4
33,7.1,7.6,406,3
33,6.8,7.4,309,7
28,5.1,8.4,4120,3
21,7.6,7.9,446,2.6
24,7.4,6.8,337,1.3
28,7.5,6.7,180,1.3
28,6.9,6.8,127,2.4
30,7,7,305,1.5
27,7.2,6.7,323,1.6
26,7.4,6.7,364,1.6
29,7.5,7.2,473,2.1
26,6.7,7.4,544,2
27,7,7.2,286,9.5
28,6.4,7,307,1
29,6.6,7.1,250,1.5
28,6.5,7.9,566,0.9
22,6,7.3,755,6
21,4.9,7.4,892,14
22,6.4,7.1,1085,8.5
20,5.6,8.1,905,11.5
22,5,6.7,813,7.5
21,5.6,7.3,964,14
20,5.7,7.4,968,9.5
21,5.3,7.4,779,10
21,4.8,7.4,825,19
23,2.9,7.3,1035,13
21,4.5,7.2,885,10.5
20,4.8,7.5,896,10
24,3.1,7.6,1130,11.5
25,3.1,7.6,1000,10
28,1.9,8.4,2187,354
28,7,7.8,350,2.5
16,7.2,6.2,930,8
22,5.475,7.82,721.5,6.9
23,4.8,7.3,260,0.8
23,7.6,7.5,307,1.5
23,8.4,7.4,106,1.4
23,9,7.8,221,1.3
25,8.7,7.4,318,1.5
25,1.9,7.3,537,9.9
25,7.7,7.3,550,10.4
25,7.9,7.6,185,1.3
26,8,7.6,202,2.5
25,7.4,7.6,214,1.8
23,8.3,7.7,185,2
18,9.6,7.1,225,4.4
19,8.8,7.2,131,0.9
24,7.4,7.8,272,0.9
24,7.5,7.8,327,1.2
26,8.1,7.8,365,1.3
26,7.9,7.5,350,1.8
28,6.6,7.7,143,1.3
29,6.3,7.6,164,2.8
28,5.7,7.8,170,3.4
21,6.4,7.025,187.63,3.175
25,8.35,7.125,110.75,1.525
24,8.45,6.95,104.25,1.2
NAN,NAN,7.6,281,NAN
25,7.2,7.8,262,0.28
25,4.9,7.4,10362,9.7
27,5.1,7.8,530,2.73
28,6,8.2,612,2.28
30,6.1,8.1,8782,1.9
27,1.1,7.8,1076,7.67
29,6.8,8,3431,2.8
25,4.5,7.6,1161,7.43
25,6,7.3,8838,5.58
30,0,7.1,3080,46
28,2.8,7.9,663,5.93
29,5.6,8,1265,2.13
28,4.1,7.9,4491,16.5
29,6.3,7.9,43983,1.83
30,6.6,7.8,37,2.25
28,6.8,7.1,11,1.65
27,6.5,7.5,28,4.55
28,7.1,8,49,1.25
26,7.6,7.3,93,0.95
26,7.4,7,67,2.45
27,7,7.3,89,1.5
29,5.4,7.3,75,1.8
28,6.7,7.2,95,1.4
28,6.8,6.9,58,1.9
25,5.6,6.8,67,1.9
28,5.2,7.2,29,1.65
26,6.2,7.1,146,2.1
31,3.6,7,29,2
30,6.8,7.2,1370,2.6
28,8.1,7.1,335,3.2
26,6.3,7.6,119,3.67
27,6.4,7.6,109,3.4
27,5.9,7.2,119,4.04
25,5.3,7.7,109,3.25
26,6,7.8,301,5.43
22,6.6,7.2,131,4.5
22,6.8,7.2,110,3.9
27,6.7,7.6,109,4.13
29,5.2,7,478,16.3
21,6.9,6.6,291,1.96
32,0.7,7.3,12697,45.6
23,6.8,6.6,6232,2.13
29,6.2,6.5,1638,1.5
28,7.3,6.6,36,0.6
28,6.4,6.7,41,1
28,5.1,6.8,52,1.6
28,6.8,6.7,183,1.3
27,6.3,6.3,115,0.9
28,7.2,6.7,455,1.1
27,6.8,6.9,80,0.4
27,6.8,7,4515,0.4
29,7.7,7.2,47,1
29,7.1,6.8,57,1.5
29,6.6,6.3,148,1.2
26,1.8,6.8,2012,5.5
26,6.7,6.2,40,0.6
26,5.8,6.3,65,1.1
26,5.1,6.3,50,1
26,6.6,6.2,42,0.6
27,6.6,6.4,43,0.7
27,6.7,6.4,50,0.5
26,6.6,6.3,46,0.6
27,5.9,6.4,54,0.7
27,7.6,6.7,55,0.7
27,6.5,6.7,72,0.8
29,7.3,7.4,71,0.7
27,6.3,6.7,79,0.7
26,6.9,6.6,33,0.4
27,6.8,6.7,46,0.4
29,5.9,7.1,6666,0.7
28,6.4,7.1,17771,1
28,7.3,6.7,62,0.9
28,7.6,6.6,61,0.5
30,2.4,6.7,221,2.1
27,7.1,6.8,89,1.2
27,6.4,6.7,110,0.5
27,3.5,6.9,105,0.7
28,7.4,7.3,155,0.8
28,6.8,6.9,77,0.9
27,5.5,6.5,75,1.9
31,5.4,6.5,102,4
30,4.8,6.8,90,1.1
28,5.8,6.3,87,0.7
27,7.3,6.6,57,0.4
28,5.8,7.5,18291,0.8
28,6.2,6.7,2497,0.5
27,7.3,6.1,45,0.7
27,7.6,6.3,39,0.5
25,7.7,6.6,31,0.3
28,5.4,5.9,595,0.8
28,7.4,6.1,30,0.9
28,6.6,5.9,37,0.7
28,6.5,6.5,1135,0.7
27,7.2,5.9,39,0.8
29,6.3,6.5,925,1.1
27,7.6,6.6,50,0.6
27,7.3,6.5,64,1.4
27,7.5,7,74,0.8
26,4.4,7.3,428,0.4
27,6.8,7,169,0.4
29,1.7,6.2,181,3
29,3,6.1,80,2
28,6.9,7.8,469,0.89
32,7.7,8.1,266,1.83
32,6.8,7.8,16468,1.65
28,7.5,8.2,233,2.5
26,7.6,8.1,233,1.35
26,7,7.6,593,0.25
25,7.6,6.6,118,1.15
27,6.8,6.6,179,1.88
28,6.8,6.7,172,2.14
28,6.9,7.1,260,1.78
27,7.3,6.6,94,1.27
26,7.4,6.7,88,1.03
28,7.2,7.2,439,2.28
27,6.8,7.6,749,2.25
26,6.9,7.3,252,4.33
29,7,7.3,46,1
31,7,7.3,40,1
30,7.7,8.1,195,1.1
23,8,8.2,572,0.5
24,3.8,7.8,1424,155.6
23,4.9,7.8,704,3.5
20,5.9,7.2,703,5.4
21,5.3,7.4,1095,27
30,6.7,6.9,1094,17.1
30,6.2,7,1312,22.3
21,5.7,7.3,732,10.7
21,5,7.2,983,26.1
20,5,7.3,748,7.4
20,5.1,7.2,760,13.5
21,4.5,7.2,856,23.8
21,4.4,7.2,1184,18.1
20,4.5,7.4,1186,22.7
21,5.2,7.5,1036,28.5
21,5.5,7.6,973,27.8
21,5.6,7.6,951,25.8
25,6.4,7.9,378,4.1
31,6.8,7,970,25.3
21,5.4,7.8,438,1.7
27,7.9,6.7,120,1.2
26,6.2,7.3,135,1.8
27,8.2,7.6,176,1.9
28,6.6,7.4,112,1.2
26,7.9,7.8,196,0.8
29,9,8,269,1.8
28,NAN,8,698,NAN
30,9.6,7.6,633,NAN
27,3.2,6.8,389,26
28,5.5,7.5,375,24
19,5,3.2,630,7
26,7,7.8,122,0.65
26,7.2,7.8,130,0.93
25,6.6,8,151,0.98
25,6.7,7.9,188,1.03
28,6.1,7.7,120,1.36
29,5.4,7.3,141,2.67
28,5.8,7.8,161,2.93
NAN,NAN,7.6,253,NAN
25,7,7.7,448,0.4
25,4.8,7.5,20360,8.8
27,4.9,7.7,904,3.6
28,6.4,8,477,2.4
29,6.7,7.9,14111,2.9
28,5.7,7.6,868,4.2
30,6.2,8,899,3.1
26,4.8,7.6,14426,10.4
27,6.2,7.4,29920,3.6
27,NAN,7.5,5414,359
27,4.2,7.8,589,4
30,6.8,7.5,2870,2.5
29,6.5,6.9,1690,1.5
29,6.5,7.1,3110,1.6
29,6.4,7.7,44000,2.3
27,7.2,7.2,70,1.6
28,7.2,6.8,60,2.1
28,7.4,7.1,80,1.4
28,7.2,6.9,80,1.3
29,7.4,7,66,2
28,6.3,6.6,66,1.6
26,6.4,7.3,103,4
27,6.7,7.4,103,3.9
28,6.6,7.5,97,3.7
28,5.7,7.2,531,5.3
25,6.4,7.1,113,3.9
25,6.6,7.2,88,3.9
22,6.2,7.3,117,4
28,5.5,6.6,1314,1.7
27,7.5,6.8,32,0.8
28,6.7,6.8,42,1
28,6.9,6.7,73,0.5
28,6.8,6.9,7920,0.5
29,7.4,7.2,49,1.1
28,7.2,6.8,58,1.5
29,6.8,6.6,115,2
28,0.8,6.8,2156,7.4
26,7.1,6.1,34,0.6
26,5.9,6.2,52,0.5
26,5.1,6.2,55,1.1
26,6.7,6.2,43,0.7
26,5.8,6.2,34,0.6
26,6.4,6.2,39,0.7
26,6.6,6.3,41,0.6
26,5.4,6.2,47,0.7
28,6.7,6.7,80,1.3
27,6.4,7,112,1.4
29,6.3,7.1,83,1
28,6.2,6.5,95,0.8
28,6.9,6.4,41,0.5
27,6.8,6.5,51,0.5
28,6.6,6.9,11654,0.7
28,7,7.2,11962,0.3
28,7.5,6.9,52,0.5
28,7.4,6.8,68,0.3
29,2.8,6.6,1239,2.3
28,6.2,7.6,380,0.5
30,7.9,7.9,382,2.1
28,8.1,8,21030,1.7
30,7.2,7.7,244,1.2
32,6.7,7.6,231,1.5
29,7,8.1,637,3.5
26,7.5,6.5,65,1
28,6.8,6.5,88,0.9
29,6.8,6.5,128,1.8
32,7.8,7.2,250,1.9
28,7.2,6.4,71,1.2
27,7.4,6.5,71,1.5
31,7.6,7.1,428,2.5
28,6.8,7.2,856,2.1
27,7.3,7.3,152,2
28,6.9,7.2,58,1
29,7,7.2,56,1
22,7.9,7.9,385,2.5
18,3.9,7.9,2422,74.8
24,4.9,7.6,972,19.6
20,7.4,7.5,413,2.1
21,6.1,7.8,632,8.1
24,4.9,8.1,852,26.3
26,4.5,8.3,996,25.3
21,6.7,7.6,425,7.4
21,6.3,7.7,619,7.3
22,6.4,7.7,439,4.2
22,6.5,7.7,686,9.8
21,6.4,7.8,754,13.8
22,6.3,7.7,615,8.2
21,6.2,7.6,457,3.7
21,6,7.8,690,9.6
21,5.9,7.8,692,11.1
21,5.9,7.7,699,10.4
22,6.5,8.2,1315,2.2
25,6.6,8.2,895,26.3
29,NAN,7.2,NAN,50
30,NAN,7.4,NAN,50
29,1,7.3,NAN,49.7
19,5.6,7.4,168,2.2
25,6.7,7.9,135,0.4
25,6.5,7.9,195,0.6
24,7.3,7.8,219,0.5
24,7.7,7.9,227,0.4
23,6.2,7,132,1.6
23,6.4,7.4,137,2.1
23,6.4,7.6,200,1
23,7,7.6,210,2.4
23,3.6,7.2,249,4.9
23,3.7,7.5,224,4
24,7.1,7.3,156,2
23,7.1,7.2,127,2
22,5.8,7.6,258,1.7
24,8.4,7.9,383,0.8
20,8.1,7.2,221,5.4
18,6.1,3.1,738,5.5
16,8,7,164,1.7
19,5.4,7.2,153,1.7
18,7,7,161,1.7
27,5.2,7.4,120,1.4
27,4.7,7.4,139, 
27,5.4,7.4,128,3
23,6.9,7.2,233,1.5
NAN,NAN,7.61,168.2,NAN
25,7.102,7.945,307.5,1.525
25.5,3.487,7.015,25950,9.2
22,5.35,7.935,735,4.7
25.5,7.05,7.995,535,4.7
29.667,6.5,8.14,16410,5.3
25.5,NAN,7.885,896.5,15
29,5.6,8.173,3660,4.6
26.5,6.085,7.695,933,3.2
26.5,6.055,7.605,6715,4.3
28,NAN,7.215,15580,431.5
27,7.93,8.32,2160,1.46
25.667,4.9,7.943,504.7,3.1
27.75,6.625,7.725,149.3,2.175
27.75,5.175,6.95,464,1.5
30,6.4,7.45,142.8,2.025
28.25,6.2,7.9,218,1.575
26.667,7.4,6.733,344.3,1.7
28.75,7.6,6.775,213.3,1.3
28,7.35,7.1,214.8,1.425
28.25,7.675,6.875,103.3,1.025
27.25,7.125,7.55,418.3,1.725
28.5,7,6.725,497.3,1.575
27.714,6.543,7.229,130.4,4.014
28.714,6.7,7.307,121.5,3.857
28.667,7.1,7.507,102.5,4.633
26.667,6.333,7.277,542,5.4
26.714,6.471,7.379,204.3,3.729
28.286,6.371,7.061,214,4.5
19.333,6.7,7.44,153.3,4.4
29.083,6.2,6.457,881.1,1.757
27.417,7.286,6.586,82.9,1.071
27.286,6.525,6.5,124.1,1.313
28.6,6.917,6.95,185.4,0.467
28.667,6.8,7.043,8489.9,0.414
27.786,7.075,7.25,107.3,0.988
28.143,7.013,6.712,151.4,1.4
27.5,6.787,6.65,119.3,1.637
28.571,4.1,6.775,511.4,6.788
27,6.9,6.8,224,0.733
26.5,6.867,6.833,292.7,0.633
26.25,6.467,6.6,240,1.033
26.75,6.667,6.933,268,0.933
26.75,6.967,6.933,268,0.833
26.5,6.733,6.867,324,0.933
27,6.714,6.957,143.4,0.671
26.75,6.733,6.733,242.7,0.9
28,7.233,6.867,75.7,1.1
27,6.233,6.9,104.7,0.867
28.5,6.867,7.067,336.7,0.533
28.5,6.433,6.667,339.3,0.6
29,7.033,6.533,141.3,0.533
28.75,6.633,7.067,237,0.633
28,6.833,7,18389,0.7
29.5,6.333,7.167,24535.7,0.7
28,7.033,7.033,241,0.267
28.5,7,7.133,302,0.7
29,3.5,6.567,1285.3,2.133
28.857,6.243,7.253,405.6,0.857
21,6.9,8.2,211,2.8
24,7.8,8.5,197,0.6
33,7.3,8.6,528,0.9
27.5,7.95,6.565,188.5,1.5
29,5.8,6.6,107,1
31.25,6.975,6.725,144.3,1.5
NAN,5.35,7.19,216.3,1.325
30,7.525,6.61,93.3,1.5
29,7.15,6.56,141,1.1
NAN,4.325,7.045,547,2.075
27.5,6.925,7.633,552,2
27.25,6.825,7.125,299.3,3.667
26.667,6.7,7.267,92.7,1.333
26.333,6.75,7.3,169.3,1.667
21.25,5.87,7.84,895.5,4.35
17.667,6.033,7.367,323.3,3.267
16.5,5.1,7.85,785,12
18,4.867,7.367,568,12
17.333,4.833,7.533,760,13.333
17.5,5.1,7.367,388,6.933
15,6.8,7.3,433.5,5.4
17.5,4.2,7.367,758,14.667
18,5.533,7.3,453.3,9.333
17.5,5.2,7.3,391.3,6.267
18,4.2,7.733,825.3,21
18.333,4.033,7.667,855,21.333
18.667,4.133,7.633,811.3,20.333
18,5.35,7.55,682.5,17
19,4.05,7.85,773.5,16
17.5,6.25,7.9,770,14
18.5,6.65,7.875,914.5,43
19.5,7.2,9.01,340.5,4.6
22,6.27,7.89,3638,149.75
20,6.1,7.1,NAN,3.1
26,0.6,7.3,646,87
27,NAN,7.9,1151,130
27,NAN,7.1,912,126
16,7.2,7,183,5.2
15,4.6,3,350,6.2
10,8.8,7,172,1.6
11,10,7.1,150,1
12,9,7.3,158,1.8
23.667,7.767,7.543,NAN,0.5
23.7,7.167,8.143,NAN,0.6
23.767,8.533,7.857,170,0.4
23.667,8.867,7.793,216,0.5
28,5.6,7.65,375.2,1.758
NAN,NAN,7.76,233.3,10.825
NAN,NAN,NAN,NAN,1
NAN,NAN,NAN,NAN,112
26,7.2,7.84,342.8,1.764
27,5,7.22,18370.3,19.663
29,6.2,8.11,480,11.333
27,7.2,8.07,580,4
28,6.2,7.98,11125,5
28,3.9,7.92,1039,14.847
29,7.2,7.42,246.9,4.632
28,6.9,6.44,302.9,2.304
29,7.8,6.69,255.9,2.754
29,6.7,7.35,346.1,1.893
28,8.3,6.68,348.9,2.503
28,8.1,6.18,187.4,2.375
29,7.7,6.55,121.8,2.242
29,8.6,6.56,181.4,2.423
28,7.7,6.45,302.5,2.144
28,7.4,6.07,142.8,1.681
NAN,7,8.16,4545,4.165
NAN,5.9,7.36,761,6.1
27,4.1,7.57,29369.3,7.08
27,3.9,5.27,5914,441.8
NAN,5.7,7.62,665,2.12
NAN,6.1,8,602.5,5.64
14,6.2,7.88,540.7,9.75
19,6.3,8.05,634.3,13
27,7.1,7.2,280.5,1.6
28,7.4,7.27,253.3,1.333
28,7.3,7.3,236.7,4
NAN,5.9,6.6,1359.5,1.755
NAN,7.4,6.68,39.3,1.164
NAN,7.1,6.75,41.9,1.325
NAN,6.8,6.92,70.8,0.458
NAN,6.8,6.98,7179.1,0.475
NAN,6.8,7.03,36.8,1.117
NAN,7.2,6.76,59.8,1.692
NAN,6.2,6.63,106.8,1.275
NAN,6.6,6.77,250.7,1.383
NAN,6.9,6.95,51.3,0.625
NAN,6,6.75,641,0.975
NAN,5.4,6.85,73.3,1.075
NAN,6.7,6.93,65,0.675
NAN,6.9,6.85,56.3,0.575
NAN,6.5,6.98,59.3,0.575
NAN,6.8,7.06,63.3,0.567
NAN,5.8,6.73,73,0.7
NAN,6.8,6.8,69.8,0.7
NAN,7.1,6.83,80,0.7
NAN,6.3,7.15,65.5,1.05
NAN,6.3,6.95,77.5,0.65
NAN,6.9,6.65,34,0.5
NAN,6.4,6.75,49.3,0.675
NAN,6.8,7.35,18568.3,1.15
NAN,6.8,7.08,19740.8,0.975
NAN,7.1,6.98,58.3,0.55
NAN,7,7.23,67.5,0.425
NAN,2.4,6.43,1041.3,2.025
27,6.7,7.56,128.4,4.942
NAN,6.8,7.68,123.2,4.475
NAN,6.5,7.33,135.8,4.4
NAN,5.1,7.45,5168.8,9.875
NAN,6.5,7.34,128.5,5.125
NAN,6.6,7.47,143.8,4.958
NAN,6.6,7.75,136.8,4.5
NAN,7.9,7.85,76.5,3
NAN,7.4,7,82.3,2.027
NAN,7,7.9,77.5,3.525
NAN,6.9,7.73,85.3,3.233
NAN,7.3,7.77,128.3,4.043
NAN,8,7.8,132,3.4
NAN,5.5,6.58,121.3,11.57
NAN,7,7.43,136.7,8.693
20,6.6,7.15,199,7.475
18,6.4,3.05,605,5.067
15,7.1,7.03,147.3,2.1
19,8.1,7.03,148.3,1.967
21,8.3,7.1,152,2.133
25,7.4,6.6,NAN,NAN
25,6.8,6.3,NAN,NAN
25,6.1,7.15,NAN,NAN
26,7.5,7.2,NAN,NAN
28,7.5,7.8,286.5,1.775
30,7.5,7.35,30683,2.25
27,6,7.55,214.5,3.125
32,6.3,7.43,201.3,2.175
29,6.1,8.33,868.5,NAN
NAN,8.1,7.86,342.3,2.747
25,7.3,7.3,157,2.067
NAN,4.9,7.33,494.7,14.533
28,6.3,7.58,379.8,6.7
28,6.1,7.58,490,14.25
25,6.8,7.43,337.5,4.25
26,6.7,7.38,333.5,3.85
27,5.9,7.48,428,8.35
25,6.5,7.4,361.8,4.3
25,6.9,7.4,322,3.75
26,5.1,7.48,496.5,14.7
28,5,7.4,515.3,14.76
28,5.1,7.43,503.3,16.25
16,6.2,7.63,423.3,7
NAN,4.4,8.23,390,1.39
NAN,4.2,8.52,380,1.26
23,4,7.65,729,36
22,8,8.31,617,4.4
NAN,4.2,8.55,1184.7,341.833
NAN,5,7.92,160,1.443
25,7.5,7.53,87.3,1.407
27,6.6,7.27,162.3,3.555
28,6.8,7.12,172.3,1.723
NAN,6.7,7.6,277.8,1.229
28,7.1,6.94,95.8,0.943
27,7.4,7,88.5,0.977
NAN,6.6,7.81,603.2,2.675
28,6.6,7.49,571.5,2.091
28,5.4,7.16,75.8,2.092
30,5.4,7.37,104.8,1.802
29,5.3,7.37,102.2,2.552
30,7.8,239,6.2,1.7
29,7.5,442,6.7,3.4
29,7,430,6.4,2.4
29,7.2,216,7.1,1.8
29,7.9,352,4.5,4.2
28,7,86,7.8,4.7
29,6.8,65,7.5,1.8
28,7.1,101,7.8,2
27,7,78,7.6,1.8
29,7.2,60,8,1.9
28,6.6,76,7.1,1.9
NAN,NAN,NAN,NAN,NAN
28,8,368,7.4,1
28,7.5,21331,3.6,11.7
30,8.1,540,7.2,2.5
29,8.1,443,4,2
29,8.1,467,7.1,3
32,7.8,1304,4.6,19.5
30,8,1708,7.8,3.5
28,7.5,1175,5.7,4
28,7.5,67115,5,5.5
27,4,9948,0.4,513.5
28,7.7,1148,4.8,6.9
28,8,590,4.8,1.8
27,7.7,440,6.5,2.4
28,6.4,1579,5.8,1.7
27,6.8,62,7.5,1.5
28,6.9,44,6.8,1
28,6.9,62,6.8,0.4
28,7,9416,6.7,0.5
24,6.9,39,6.9,1.1
28,7.1,53,6.9,1.4
28,6.9,102,6.4,1.2
27,6.8,437,5.7,1.1
27,7.3,58,7,0.6
26,6.9,1835,5.9,1.2
27,6.8,60,5,0.9
29,7.2,80,6.8,0.8
27,7,42,7.3,0.4
26,7,51,6.7,0.5
26,7.1,58,6.8,0.5
26,7,63,6.4,0.6
27,6.8,72,6.6,0.6
26,6.8,83,6.5,0.9
24,7,69,6.4,1.2
28,6.8,88,6.9,0.9
27,6.9,31,7,0.5
27,6.8,46,6.9,0.5
26,7.2,20850,6.5,0.9
25,7,24336,6.7,1.1
25,7.1,77,7.2,0.3
25,7.1,76,7,0.4
29,6.5,3384,3.7,1.9
26,7.7,280,6.6,5.7
27,7.8,183,6.9,5
24,7.7,107,6.8,5.2
25,7.5,185,5.6,6.5
27,7.3,157,6,5.6
28,7.4,150,6.3,6
26,7.4,139,5.8,5.9
21,7.3,111,7.1,2.4
21,7.4,74,7.5,1.2
21,7.5,77,7.4,3.2
21,7.3,97,7.3,1.9
21,7.4,121,7.5,2.7
21,7.4,142,6.7,1.3
23,7.3,112,8.1,17.2
21,7.5,124,3.7,18.5
20,6.9,223,6.3,6.8
17,3.1,493,5.8,5.9
15,6.9,142,7.3,2.2
20,6.9,145,7.8,1.8
21,7,145,7.3,2.3
30,8.1,569,8.2,1.6
27,7.7,28598,7.7,1.7
30,7.4,219,6.8,3
29,7.2,198,7.2,2.1
29,8,978,5.4,9
21,7.6,203,6.3,1.9
29,7.2,150,7.5,1.3
31,7.3,178,6.7,1.5
29,7.1,214,6.8,2.3
NAN,7.5,293,7.2,1.2
28,6.9,146,7.1,2
28,7,136,7.5,1.4
NAN,7.9,738,7.2,2.7
29,7.5,585,6.3,2.6
28,7.6,98,6.2,1.2
28,7.7,91,6.5,1.3
29,7.6,110,5.7,1.1
